,alt,dcr1,dcr2
0,0.10289310342155433,8.031711463191765,7.997466657347423
1,0.12385801353856096,8.351458139064992,8.050452800523697
2,0.12344430928097716,8.282813839128295,7.989604279704747
3,0.08903169970770619,7.793630909675157,7.91760600726073
4,0.08515137743542489,7.6936274061834435,7.85857350431243
5,0.0911992523021724,7.660040218796452,7.758054210223711
6,0.06671673974716885,7.340423769867242,7.685897826003517
7,0.07837337007308898,7.357795195572162,7.585781881050527
8,0.07252948952805593,7.2245046844052,7.506978708339307
9,0.08891672809624973,7.33021402557157,7.448024148757424
10,0.09003881704814187,7.284183437011624,7.38953707970577
11,0.08181329528038717,7.117965589962823,7.304166021316931
12,0.09816349702827143,7.058070037801441,7.07706814592993
13,0.10666870826851715,7.071595100755191,7.001788084649631
14,0.1094553471463463,7.023102392214795,6.924481937504219
15,0.10920582295757886,8.42205524644817,8.306945039072993
16,0.12511405417049282,8.366283485382656,8.048391269718696
17,0.10978228795146472,8.104102967462746,7.986322605251587
18,0.0981524761814021,7.904399283605638,7.9258028487478915
19,0.09608309356865219,7.811630909703104,7.856368293156855
20,0.08666086485285096,7.609008310317642,7.755809795768087
21,0.08928535261232451,7.5628997014147945,7.680456571481615
22,0.08128686823906583,7.395933041899655,7.594885802784033
23,0.0707864985656903,7.221323943263041,7.520999991627388
24,0.09526867328801891,7.338874537445073,7.389595659199736
25,0.09957903405395985,7.360241804120829,7.364790487457723
26,0.07312552370082259,7.025307700470873,7.294213918648498
27,0.09955135246316116,7.1998393878620615,7.204581379465108
28,0.0987489432964086,7.02928395922597,7.0421817686335455
29,0.10349919918024908,7.000498890599728,6.964372254669155
30,0.11331368128619457,7.053003319291838,6.912913252287538
31,0.12565739342798088,7.1372635540227485,6.8600225349134725
32,0.12243881135914736,8.790303074167602,8.492831965033327
33,0.10760010955989319,8.391493815468278,8.296984767727967
34,0.09214786682273823,8.182123481503066,8.275635103868623
35,0.1255142288086064,8.369082062458496,8.045861503431302
36,0.11516184077954461,8.165113658050116,7.980017124589895
37,0.10422327925573882,7.959114136124404,7.909499283666035
38,0.09535660035129812,7.802965058724494,7.85589681894974
39,0.08605509860076077,7.603429919346199,7.756679248815077
40,0.09012255136848701,7.556029432878073,7.664406648588946
41,0.07816472428417187,7.355652460071353,7.58571719551589
42,0.07034979619440629,7.217599319336028,7.521449017930162
43,0.0833341829251456,7.261235452800831,7.435601008396382
44,0.09764713208279463,7.347592231754686,7.372915235717418
45,0.07995981039199718,7.095795845770233,7.299902927311237
46,0.08920358120234839,7.108059855448051,7.21937949857245
47,0.115469151602546,7.315290428059432,7.146035940745539
48,0.09316397278367416,7.023001748106554,7.092961336771042
49,0.10440533049735967,7.049723043291067,7.003872960753463
50,0.11505875284354306,7.073868151534508,6.914619011586907
51,0.11642781178417572,7.044882731419842,6.871586597364076
52,0.12214215881317436,8.974019077314054,8.674451882823655
53,0.12176778716711023,8.641267630466869,8.357812036150044
54,0.11878199884729657,8.564897796892248,8.323344439744305
55,0.11255594222097765,8.212502480335022,8.05880334502472
56,0.10469733669778858,8.05176322365119,7.9959058512056655
57,0.10749676957653098,8.032240977123104,7.943018865152183
58,0.09005299700091174,7.744489230536386,7.85634280661858
59,0.09343150330462735,7.687907205674792,7.761515857344056
60,0.07443893727270356,7.394038948596805,7.663626458937786
61,0.07461617228744477,7.337420109835557,7.603141522654217
62,0.07622701384225372,7.277535507356459,7.524813227940944
63,0.07983610825539755,7.241408175296712,7.450960015014927
64,0.09501707025186401,7.337111510421638,7.39050151865364
65,0.07937669820436266,7.099900373650308,7.309928723237196
66,0.08829251165358554,7.092079675278844,7.212395902202756
67,0.09518295254638753,7.092778605110888,7.142682073088687
68,0.09703525914276911,7.0730757176291625,7.103770152008724
69,0.10139662760472701,7.048293805373218,7.033811767739646
70,0.11279230028353993,7.060445068481029,6.925782011081118
71,0.12809022699359063,7.125717641809726,6.821793448592717
72,0.128042562539473,8.678300656233883,8.308805353865438
73,0.13504937315554788,8.36139132104865,7.9126578256324756
74,0.12583774214180676,8.402523442624826,8.07376917650556
75,0.1117459195601872,8.143998528464994,8.001550516616021
76,0.10844400022097933,8.048032043423648,7.947226976927537
77,0.09531373698253154,7.822978512327252,7.876533247785203
78,0.10199105650188967,7.807051335275357,7.784167097814745
79,0.08424651394385452,7.517779697328006,7.688601001706522
80,0.0759107041585887,7.362071245042585,7.615459003465324
81,0.09251068442567945,7.4265450518137115,7.507533384253643
82,0.08774941097841704,7.324189344053118,7.454126364252396
83,0.09648045302235064,7.334959881159436,7.37272318449235
84,0.08539045084609309,7.153114894590489,7.304044848971537
85,0.08555655382343463,7.047207886477518,7.1942405497863575
86,0.09473069192080907,7.10655060778187,7.16121679518155
87,0.10404742033814973,7.1249850838521755,7.082428162301136
88,0.10388567510595947,7.053624477969842,7.013185078584139
89,0.11438205834971882,7.101215706448607,6.948656927786979
90,0.1168026345302281,7.0775677115295865,6.899416075878052
91,0.11687560170065114,7.0080188168025375,6.830836445585378
92,0.12933462787104033,8.809777729838537,8.416791739009659
93,0.11193715030381268,8.338792485903035,8.190529265043592
94,0.11131959641964417,8.404562862846728,8.262964073717878
95,0.12395281413854309,8.403003502991941,8.098902438363307
96,0.1250135878209434,8.383669646713324,8.066429327219804
97,0.11301392409262645,8.156222173237937,7.997922985444407
98,0.09923397225725539,7.924866425487943,7.933775015489935
99,0.09746057212211634,7.838603639266446,7.8677546268274305
100,0.09709231155444686,7.7344892551862525,7.767410239616767
101,0.08011714048269736,7.481570368328447,7.69512273671228
102,0.08570836494342005,7.454208201626109,7.6081245509829625
103,0.07715523238438604,7.294249791033186,7.532668685358093
104,0.08046554847426579,7.228015617038752,7.430795603349193
105,0.09649271078451516,7.326149539352631,7.363736654267975
106,0.08065645678710776,7.087671769530407,7.2846139250294035
107,0.07948558357200008,7.000017973685897,7.20602379464185
108,0.09067950661113366,7.043253142452513,7.138640303513178
109,0.09523065224598493,7.0503539475939165,7.099470430835508
110,0.10867306000213894,7.081855859671812,6.9907218039388255
111,0.13008919524691998,7.251628294267043,6.919525653298927
112,0.13086958682903027,8.968955551746637,8.547154669728464
113,0.11986544684504297,8.66347709061985,8.404715767224454
114,0.10058060643214672,8.371538733953177,8.36439476390876
115,0.13567767124331342,8.77777808174382,8.297888111692545
116,0.13416188635398618,8.25381815539319,7.822538016710954
117,0.10077412987178347,7.977249994610187,7.968171427156869
118,0.08435330083021653,7.7507607322755785,7.925703417740706
119,0.09487003589314114,7.768460633787468,7.826647582319495
120,0.08668218259848981,7.586240431754277,7.732372314202543
121,0.07428699758630974,7.388895521158661,7.659850375933431
122,0.07923131880218126,7.3777336062839005,7.597482990636327
123,0.0883857165570292,7.350221023842624,7.473937095520106
124,0.09284598747891404,7.2378638781032345,7.313289953304887
125,0.10247743985331648,7.352192538370455,7.325361833782236
126,0.07839440848363666,7.038732327107992,7.256625646797862
127,0.09004111036462359,7.003924355966217,7.105201460591112
128,0.09804282351328875,7.022802864651272,7.042945320393351
129,0.12413952671935191,8.363513954042741,8.058414529062516
130,0.10961478354772847,8.110305497752194,7.994476135729784
131,0.10353080387297509,7.968423094070024,7.926928466323153
132,0.09168151437446603,7.779527393846546,7.873667802420917
133,0.1020026568050123,7.779674379500451,7.756737219278579
134,0.08328911808776773,7.50387816228975,7.684548305097717
135,0.07697040548109702,7.375005856306688,7.617963766091514
136,0.08686614689568473,7.365810847438131,7.505766205744144
137,0.10426917328018925,7.3804130970353,7.333903249375943
138,0.09601694202594646,7.315345020577959,7.3579444572438
139,0.0771371251987466,7.0553749446289125,7.286164060078753
140,0.07604569104383452,7.005731338748426,7.245540046532893
141,0.09507956369996684,7.062351573786577,7.113101384808552
142,0.09391774410165088,7.0385847015890475,7.10102263630004
143,0.10409460106681312,7.035405034172325,6.992890974738398
144,0.1075132972958549,7.006551701528129,6.928549846308634
145,0.1274570890371972,8.95334794333422,8.580363285683985
146,0.13428606141531918,8.913938615124568,8.446402393584822
147,0.12957307895178716,8.76753465781367,8.373140698081139
148,0.12395894116648454,8.380312154170841,8.0769524787546
149,0.12239007062982699,8.294227946960907,8.014170417041253
150,0.09826939975549054,7.931989413706152,7.952111129579442
151,0.09102299462922714,7.784548624826783,7.886130044259475
152,0.09558677812818972,7.696348272525913,7.745981979626999
153,0.08940981541301674,7.57283712738315,7.68919774577401
154,0.07865204063444253,7.396799387886903,7.623112879514039
155,0.09591001416546852,7.453426702421202,7.497989911489508
156,0.09304441244462636,7.32253192565695,7.3967408072584355
157,0.0958866876069272,7.34972135628617,7.39391395221474
158,0.07727515868516621,7.0702137377409855,7.30012788452904
159,0.08382799218318204,7.086868923713909,7.2520980511963185
160,0.09471464925274353,7.07690097021223,7.131503808891422
161,0.10391890034373785,7.106710091506747,7.065616362668057
162,0.11280759890425174,7.120169242287826,6.984202208239834
163,0.10771200252644153,7.01660239089518,6.936404065753754
164,0.12220993683837111,8.789225959149377,8.494905542925508
165,0.13289467737499616,8.861663491175491,8.416481373825707
166,0.13502050995710457,8.252762836821454,7.810239356054166
167,0.11572118402033071,8.174849705701398,7.982568526651496
168,0.08896161575566897,7.802462336704964,7.927360926780818
169,0.09867885328081505,7.856880962085555,7.872103734505695
170,0.09390196820645025,7.681447376853898,7.749763518938742
171,0.10357342091188804,7.704865547081752,7.664257066251959
172,0.07079804751109964,7.29924956356275,7.602043612749274
173,0.08452190478790911,7.25985512603526,7.4219830510694145
174,0.08845309716023642,7.260034359632331,7.381532901096271
175,0.09604528490201192,7.317089810123075,7.359397591267141
176,0.0820448377501235,7.093829702677647,7.277084518453262
177,0.09510843441724615,7.080338221474856,7.130920438841096
178,0.0964284719925409,7.061774103394498,7.0986656792324645
179,0.10774671273288494,7.074989043367625,6.993756102000562
180,0.13494584055385683,7.31541134111095,6.924021611737569
181,0.12834222409944818,8.88048945530241,8.498207482244808
182,0.13628330333579253,8.803395028979349,8.313574727491611
183,0.13893593213586253,8.228051736908782,7.735186503413432
184,0.1073219288593723,8.078683566512282,7.991056424114106
185,0.10296002511466129,7.95721312653548,7.922498463994443
186,0.0999561201745286,7.863678085818881,7.864184875366516
187,0.10064529388373855,7.7511459247666625,7.743793871533007
188,0.09756181579317946,7.651479410619389,7.678803241711891
189,0.08041155927921817,7.399920976883211,7.608084713970161
190,0.09226579902735144,7.403074484266256,7.486423120379827
191,0.07467330810778516,7.180392756191501,7.439858931368945
192,0.09657506982383635,7.351375977443043,7.388210361618776
193,0.078286405038823,7.0976798643398205,7.318469276353384
194,0.09257214600582431,7.040037156295974,7.116185872652224
195,0.09593026112070313,7.061917856435687,7.103932245398533
196,0.11546727862754225,8.698313257491236,8.497084468816682
197,0.13043859066909191,8.828386096414658,8.419205568307513
198,0.13380918372062867,8.811328951689937,8.355865662661005
199,0.1312222730097008,8.726725438078029,8.311450809096248
200,0.12027439059166456,8.302090255709954,8.048895035969776
201,0.11465375485054574,8.166308642157702,7.987496204214443
202,0.10558470863935776,8.00163667225803,7.935572199019598
203,0.09769668996772807,7.838693173094493,7.865141222782762
204,0.09517017077164736,7.686652829032191,7.740877387189039
205,0.08337135679550911,7.482331770100616,7.661613386838907
206,0.07712805490137598,7.3727606757306345,7.6140250295598175
207,0.0788600925378814,7.261333286700192,7.481388783973734
208,0.07718319226173376,7.212905334321989,7.448384323568275
209,0.09642195609911186,7.309214951097943,7.347468562999599
210,0.08319359202250165,7.116033898880895,7.2883265825851575
211,0.08082717929959016,7.0511066822931365,7.245341321671357
212,0.09710015238479464,7.084249347655755,7.11432162125581
213,0.10240284146510958,7.0865322217995175,7.061451894986281
214,0.10381532242267377,7.030685337131539,6.991110503706695
215,0.10760983065334362,7.004198442514605,6.925211983876448
216,0.13294680542248216,8.95769108898429,8.506943315877091
217,0.13023123549257432,8.511550069144848,8.119839659584146
218,0.12048851357261459,8.32395599603667,8.067347385218442
219,0.11983892747152358,8.241874743628303,7.996042250766498
220,0.10172302817392587,7.955500534168673,7.935326624654091
221,0.08202531552909675,7.6700287090652335,7.8683794888291105
222,0.0836798524554967,7.584175085960632,7.762588406112558
223,0.08989941236844046,7.55685598062864,7.667665217803367
224,0.07257716171611084,7.315030474851312,7.600562997163825
225,0.08530087602067282,7.338764650500926,7.494545247020698
226,0.08671596577460905,7.317019586442446,7.457613436499669
227,0.09198751171768205,7.3041498137149885,7.3893163033458595
228,0.08479897605001807,7.140184976290752,7.296835600528212
229,0.08909985159142941,7.124050489299548,7.236679086751575
230,0.0932189479252713,7.078385492634881,7.148334172437074
231,0.09681240747428388,7.075383020198389,7.108386915933176
232,0.106346622899685,7.063430040280324,6.9970963100163095
233,0.13203787992787042,8.052821351532561,7.659217801520393
234,0.12256078729734432,8.34061255412222,8.056783698260054
235,0.10902515951597358,8.10790061264414,7.9992820069239405
236,0.10923867672138221,8.037408372397495,7.9271591060320645
237,0.09081125130651424,7.749159091910313,7.852638633465432
238,0.07634951434047621,7.503058592407821,7.756720656200692
239,0.08034249178470887,7.437374093538168,7.647312607794518
240,0.08666239153473332,7.449609362513513,7.593319347023938
241,0.08873042990613023,7.402190631878536,7.523131396270849
242,0.08304019797464068,7.274723094727056,7.452434458378379
243,0.09857043265850818,7.379534708224812,7.395004036808105
244,0.07743617706432249,7.006902322057671,7.233184456062642
245,0.09518012249747387,7.103073187465071,7.153078283755622
246,0.09825609735813856,7.096940818478878,7.115082303761703
247,0.10581975099916796,7.059350564495898,6.998596229923306
248,0.11128504296818686,7.045168561954628,6.926839781004494
249,0.11997494370534578,8.318821858309432,8.068952622444648
250,0.11539647976489509,8.18817714945104,7.999632844433142
251,0.10957134876916608,8.06049162864902,7.945899594050072
252,0.09215996360851053,7.788547880843662,7.877425524448277
253,0.0906582017300559,7.678396215454412,7.782620298486413
254,0.09511777107815556,7.634743435631855,7.689182826044002
255,0.0803159470596051,7.414847301091607,7.624426249947554
256,0.08135494835111223,7.305063743792891,7.5008723490335445
257,0.0942978118577642,7.405687141399611,7.467303500049767
258,0.11262527178064863,7.552314972673116,7.410179341276589
259,0.06809281476483564,7.035270372664791,7.353182623733205
260,0.08234313339402011,7.084622409323029,7.264660015690805
261,0.10425243451430544,7.227634932194781,7.182267331577744
262,0.10062330444205503,7.137043856218629,7.130505137493693
263,0.11317319020934768,7.164044044394515,7.02327335038021
264,0.11288037333153011,7.098176027251075,6.9618470699470745
265,0.11075642574997824,8.595509358073693,8.457989640284323
266,0.11723007604859781,8.324070409165975,8.109103529957364
267,0.1237216201677862,8.343282433255613,8.044339656193173
268,0.10273840374201237,8.006378709842702,7.974073104697882
269,0.09584701055036327,7.8577505786748425,7.905451423535508
270,0.09708233553802759,7.800697407791981,7.834013730397162
271,0.08463477292140942,7.569128409212887,7.736952076092028
272,0.08538963259250465,7.49415332503462,7.6522878619793975
273,0.0888177231385795,7.4636163463411,7.5846282678554715
274,0.08963452349408563,7.3178935770242415,7.427979387848071
275,0.07311657511095693,7.1521455785999155,7.425995136530041
276,0.10568432290348195,7.444356140269172,7.381789166869327
277,0.07342778082040913,7.037581974551631,7.30401914626332
278,0.08086747682267281,7.04950077404804,7.243291908245601
279,0.10213293514313648,7.182143992701153,7.159587612626375
280,0.09405439980951091,7.086463909368966,7.147923874901021
281,0.10676600959233118,7.096550890256371,7.0254672888023215
282,0.11450253528011178,7.094761284050891,6.941042461522505
283,0.11941008746436499,8.685930138791706,8.432582249063953
284,0.12382286510277207,8.701070761377062,8.387939775612999
285,0.11512370904852531,8.541878480873129,8.348736705023667
286,0.11358850410969223,8.285953673616902,8.117922353885215
287,0.11820802821717435,8.28647310801834,8.060068373613314
288,0.09952241332348422,7.983244510006822,7.98884143790001
289,0.0877638924502937,7.7866920455657915,7.924673228704467
290,0.0827589910460953,7.655798705143036,7.845859218686007
291,0.09278921127202977,7.6689515556322,7.749498994170095
292,0.0830975183283108,7.4839584252328475,7.666175127065367
293,0.07899952252379361,7.3676019388969145,7.5894403876206145
294,0.08547313122628852,7.345224779202351,7.499345697367911
295,0.08746963124805207,7.298193710735565,7.430584059822229
296,0.09443198035798828,7.3278107908401795,7.387353891213262
297,0.0843122167174356,7.14207031351352,7.303689922798999
298,0.08200793948804097,7.066439367711169,7.249354060537094
299,0.09991500333478343,7.166737879469373,7.167632501680358
300,0.09541927996136867,7.095645412045553,7.143132741662367
301,0.10196755698509963,7.030130635706119,7.009767500438409
302,0.10910017746847966,7.047104942625497,6.951904315684826
303,0.11419578724594892,7.0348399713062015,6.885697442943643
304,0.13021882080210156,8.991151758700326,8.577545690353023
305,0.12795814002877925,8.835586533241448,8.460565069209306
306,0.1151364591761792,8.50644341092088,8.313937804184864
307,0.1157781974140839,8.316038843201653,8.119714130027717
308,0.1183430023701858,8.289723280631618,8.06151418075561
309,0.09950123277837708,7.976712227288271,7.982552447422295
310,0.09701121754482023,7.887087938522796,7.921591464480406
311,0.10392883184274071,7.901720562578223,7.855913454089154
312,0.10089141494374954,7.741958429920004,7.7318113676105655
313,0.1004641422311211,7.655656358306936,7.65043447505219
314,0.07706266662940386,7.353989084961564,7.59530928008782
315,0.08084611334408853,7.303281690239949,7.504268568767666
316,0.08974752234443706,7.337540418326787,7.4467326419880315
317,0.10041703187003481,7.394509060849905,7.3899774935946665
318,0.08374953707585375,7.110001959564608,7.276559706702369
319,0.07692670195491225,7.013422611805886,7.244895735826772
320,0.09311253724282442,7.0948762204720826,7.166079337372052
321,0.09392208520313561,7.0483420761939115,7.110822254137339
322,0.10501550350090949,7.0337317496168374,6.981612309678777
323,0.11183509743301656,7.050116487071758,6.925852445661764
324,0.13375130882296904,8.909983849847562,8.450241626468287
325,0.10842943507949876,8.507596179292108,8.401220502264588
326,0.11752928023548415,8.559528945198815,8.33456300350909
327,0.12539776846985207,8.61674065593137,8.285520558309218
328,0.11407113450444539,8.295367410313057,8.121070962285119
329,0.12095435211732619,8.334194937146744,8.07128321881316
330,0.09716336765485956,7.96112995096644,7.994190253951489
331,0.10433019368441132,7.973897857323097,7.922926121479145
332,0.0940200438901515,7.791967286948077,7.859933788783293
333,0.09415355376612844,7.702527687795671,7.768224151065774
334,0.09397339744501099,7.600866882929308,7.667680054196044
335,0.07745635499588399,7.374123469516251,7.61205718732602
336,0.09732333175963859,7.461949825021569,7.491195150477177
337,0.09920033453997212,7.440769348096742,7.449500704811901
338,0.09781856700778635,7.382083140825615,7.40567595700356
339,0.09771773997732613,7.306955131736488,7.331384360307352
340,0.08378065507826826,7.101695911946551,7.267746411121122
341,0.0985238823108705,7.168270277042302,7.183785204706282
342,0.10348786446763503,7.122472837980235,7.0858362920052995
343,0.09833221603564901,7.003709868395344,7.020833099794566
344,0.10980135380523925,7.03982831905134,6.9373138029062185
345,0.12950034179462822,8.691215643977554,8.30125053082014
346,0.11555959418751338,8.479126336410818,8.281775938204648
347,0.11623879763940581,8.29504324961151,8.09338749797736
348,0.12183421557935903,8.30900840614825,8.035598336841357
349,0.10697201271013235,8.069703865358607,7.986391372740349
350,0.10335336769789527,7.967001625468212,7.927607450343929
351,0.10101011846987251,7.860018483524803,7.848343252789929
352,0.11040229715172667,7.86252189617837,7.740921375414036
353,0.10079623828008089,7.6884986555015775,7.679498581782985
354,0.09226716076101094,7.536442214652266,7.621277585430716
355,0.0919250052452042,7.46294802528404,7.550638629058983
356,0.09943499579360049,7.479966492645588,7.486169828475687
357,0.10225006498908307,7.427410537373376,7.402799527281362
358,0.09973390174071384,7.372660700193317,7.375541354298781
359,0.09830061740397078,7.247208228821693,7.2652618267030835
360,0.09805328870993901,7.180437841709885,7.200922545971865
361,0.10120030768354671,7.147265706353297,7.1346474811422045
362,0.10546251637709603,7.1197554919190305,7.062266544832312
363,0.10777798655889614,7.046744662799668,6.965506402188133
364,0.11837928124081498,7.077606649207017,6.882372327390286
365,0.12216220911252296,8.61506793832954,8.327215806400966
366,0.10389818055847178,8.312329386549843,8.264519587725875
367,0.12709548201250376,8.383707194849205,8.039202292700132
368,0.12032481018164132,8.26871727316351,8.015897544682202
369,0.09562045785735285,7.89846485629627,7.949015252172435
370,0.10015894998927544,7.9006926338927705,7.898847766584486
371,0.10297436360997625,7.831760352988085,7.797426916374346
372,0.0976936077919498,7.706697043238227,7.732734435399691
373,0.11295392503301394,7.81219113532361,7.661278763044697
374,0.09501528513972846,7.544755963711532,7.5996764944056725
375,0.09457121730499263,7.471550623174073,7.53075304963757
376,0.09888031393585006,7.469801956295305,7.482070682754264
377,0.11359278180053367,7.591424112175399,7.437427955302569
378,0.08223045922934047,7.1924934299805106,7.376415062173078
379,0.09005699663865407,7.178609826974266,7.282249199882154
380,0.09082543688106748,7.124469670285443,7.21946200626052
381,0.0955442143497699,7.121622674814793,7.167990647257904
382,0.10214385408814186,7.068686514042859,7.046372529946365
383,0.1035223270038087,7.0120248985553975,6.97559862736986
384,0.13021363707032507,8.736366286996862,8.334552170774199
385,0.08523976242342401,8.075764794658827,8.247890453822702
386,0.11984944940656672,8.33974774428269,8.090860921550252
387,0.11772891247661477,8.210242921882246,7.991947890500695
388,0.0981892265787706,7.901326340051511,7.922296890608466
389,0.09769057771048006,7.843698377322566,7.870233356257228
390,0.10636850008624943,7.8650749756365155,7.790956371089001
391,0.10893452518051594,7.803130675442505,7.699655773151211
392,0.09479080876054602,7.566304756620986,7.623847511200517
393,0.07710042468395151,7.332940118256818,7.5731837583633475
394,0.09210438401863674,7.391086840399973,7.4760214057319345
395,0.10050912854890648,7.468057232883585,7.462469296409111
396,0.10070297996049737,7.4345913806563555,7.426908671651393
397,0.0917056454062295,7.259253477893096,7.346845635207987
398,0.08897703448745142,7.161402061426917,7.275880722283111
399,0.08220197015131259,7.014545964187939,7.194198989551814
400,0.1001348378667758,7.149070359507023,7.147654276434088
401,0.10951069222648024,7.133422302716319,7.032659823236555
402,0.1073592638717068,7.057360985440427,6.980418135162558
403,0.12194058374772854,8.598978377865206,8.314612249084666
404,0.10455941752548692,8.48709843075206,8.42995893618274
405,0.12495598890042248,8.66688280989268,8.33970338613467
406,0.1147551642881991,8.453359316909843,8.266958207169756
407,0.0603689693998708,7.733573503035897,8.16391061173777
408,0.11851439454541868,8.341842514176745,8.110005673224187
409,0.11897390208717529,8.24360712028067,8.008685975264799
410,0.10789448116911238,8.020647945559583,7.926784323316363
411,0.0969741355692042,7.834743690608272,7.869441981918145
412,0.09791890334040221,7.7537294534758345,7.777372988726685
413,0.10827042808110798,7.781191375038821,7.685751469513615
414,0.1122880388274029,7.756402368956946,7.614381477299314
415,0.09292469535283177,7.486094711750814,7.563256322565295
416,0.08336630957022984,7.318328048747417,7.493732241863314
417,0.10745922221466497,7.498559160290386,7.415686010155669
418,0.11065438313998366,7.517263603196978,7.39815002234948
419,0.09328910029371351,7.278880045690411,7.350071635791776
420,0.09391217971330412,7.208500161373717,7.272503472997828
421,0.10718228247750028,7.264415527683917,7.187135977369837
422,0.10078516621844291,7.175104144221439,7.1668219446822095
423,0.10851328011818351,7.148102138044564,7.057827150997749
424,0.10851279628662447,7.09085810045595,7.001311201568853
425,0.12515613502112777,8.72204966741333,8.390067425667436
426,0.12235842294411414,8.592090669351016,8.302396713938625
427,0.12419411815408055,8.532198330804427,8.220221058247025
428,0.12497099046235549,8.400415254941704,8.083098794671221
429,0.12069382967122777,8.28043887792776,8.022550689902326
430,0.10400260205725387,7.9806080420555805,7.933470862614263
431,0.10126041991177737,7.89996202699978,7.885315440541898
432,0.09857670642039629,7.764320899662621,7.780525525074402
433,0.10905893973029013,7.78264467820975,7.677989015081135
434,0.090322085013532,7.508065407382946,7.613603453459705
435,0.0864681579688098,7.417946705951382,7.563097537539277
436,0.08078828087447998,7.3252031972224,7.527388730325604
437,0.0901319981552352,7.3581134258105205,7.463552111906488
438,0.08154382690409256,7.215686593321434,7.407181337253709
439,0.10115831765743799,7.38644310207342,7.373859425126794
440,0.09733356397152415,7.292673570664812,7.32114653491506
441,0.1023082540203275,7.243212208780752,7.218589194331923
442,0.11560740162763539,7.318426917773886,7.1475585898495
443,0.11336341099350766,7.229127446073256,7.084994317372687
444,0.11027265587363166,7.133283867259248,7.024353167486992
445,0.11218522075221549,7.068620972292289,6.940291988820773
446,0.1257946413419303,7.062612880905741,6.78675870591042
447,0.1178160425168383,8.660959434285354,8.429525029440613
448,0.1324726530885153,8.806478445666173,8.369967301729657
449,0.13002101194691773,8.691123939116943,8.294031321191
450,0.11739073671890765,8.432987999098094,8.213135769620564
451,0.12616924891058612,8.370834250068004,8.038985845641614
452,0.11500512811454666,8.209882817210396,8.025729208595076
453,0.10499109770178294,7.982090067539175,7.923232853745913
454,0.09687985495068019,7.841610108629405,7.877416983342061
455,0.10481466600434786,7.848464624806956,7.792649966952129
456,0.10857341031914314,7.76536054563651,7.666590406389159
457,0.1115976274176953,7.75247396479152,7.618609521744976
458,0.09231293694093057,7.474056770666573,7.557696256519614
459,0.09236929038080921,7.4299357981466425,7.512477365930433
460,0.10644112160449537,7.565387175066775,7.493273635273855
461,0.11468252883086516,7.609683329847818,7.442726095393633
462,0.10254383754717722,7.426502184701438,7.398671787724315
463,0.09586762323426545,7.295826914592387,7.339897802130085
464,0.10037022058324241,7.258905335534112,7.25495641965667
465,0.11138017632435115,7.296152743017391,7.172561592122941
466,0.11122704711570719,7.189717442138791,7.0695896550207955
467,0.10116212767883637,7.0292543376179655,7.017239730990846
468,0.11283153088997755,7.074857727496241,6.93949969219925
469,0.06767270998157027,8.24507064760119,8.622379631629768
470,0.13225856910964295,8.983845801701317,8.541593261654647
471,0.11041387411366732,8.618839416670813,8.485391640224329
472,0.1270266586198331,8.736488600214505,8.378428598904021
473,0.11567171671116272,8.498092092407944,8.298848525044246
474,0.10302802985897042,8.123745387055607,8.08748708352703
475,0.10877353987082328,8.11696228552728,8.011285180422298
476,0.11176470765465485,8.054535100136224,7.913423433643554
477,0.0983202511942124,7.840645518457345,7.859952212531981
478,0.11053613564147413,7.8881123335250205,7.764526932394565
479,0.1084183892105931,7.769850322353843,7.672827697564644
480,0.11578774223797073,7.79815045831577,7.613938582708224
481,0.10710115156716338,7.6479036037049255,7.56747115319816
482,0.10499282611095118,7.5796849516535785,7.523775468497811
483,0.11150456041101875,7.624479373421998,7.49389585947641
484,0.0990539187926569,7.465104188312619,7.4754662453017096
485,0.08342902587805312,7.230793290414895,7.403458380852832
486,0.10483485501859047,7.3834811587035505,7.330751825941044
487,0.09944427531133393,7.234442542401851,7.240343784143607
488,0.09841629997595902,7.167848428059998,7.184491055954396
489,0.10100690974809301,7.08856728843406,7.078071453741724
490,0.1088212170458529,7.006566011884013,6.91484463253327
491,0.05668277602672345,8.097075540023804,8.587538434907588
492,0.1289328362306542,8.818259413364947,8.430470492675566
493,0.12193050070071698,8.622459470560463,8.337451297368244
494,0.10274664838023484,8.095340478355862,8.062577254146976
495,0.11349040265836952,8.145954300669224,7.981973638283886
496,0.10559865213129938,7.95077551035541,7.88496599522582
497,0.10991161453204512,7.972971495693573,7.855547143381069
498,0.11174265237578485,7.905558703723203,7.767320276875102
499,0.11512289928576269,7.859100364514471,7.681406678494111
500,0.11749424705695555,7.84216567680679,7.636474324116042
501,0.10187129254703142,7.615383574074814,7.594406800971812
502,0.09365774811450633,7.498630176445177,7.56797172985066
503,0.09330019541796242,7.454586542055609,7.52737703132748
504,0.10454718518142059,7.498269646795479,7.447923611474165
505,0.1077615451689301,7.483838714154154,7.397745460169036
506,0.10021606799525684,7.306962912874945,7.304643406012963
507,0.0891874379822789,7.067266714538552,7.178110933732488
508,0.08954972576420606,7.023900458211107,7.130417650397345
509,0.10818089917808726,8.51501580187989,8.411716647783685
510,0.12397339355384918,8.632873807447647,8.320177718554516
511,0.08271727565503184,7.945879643012454,8.143609498580446
512,0.12036097003500112,8.309326951726288,8.054802602891572
513,0.1205035349257848,8.23618557051112,7.982092024237336
514,0.11705583715939238,8.125473395337641,7.917800151436229
515,0.11694818978662291,8.084056853711214,7.878772403784935
516,0.11842207422690809,8.036175496119526,7.813971817019969
517,0.12007588692334448,7.983003070860104,7.741979992757322
518,0.11208598299422867,7.831090084996445,7.690093035476437
519,0.08832768610626474,7.506483010713999,7.633452055643024
520,0.08968542978748306,7.498032043914483,7.610280354974226
521,0.0908642341392385,7.424431756030487,7.523009346617236
522,0.0999013623605064,7.476204160024578,7.47728717186352
523,0.07050050172939348,7.067982610594857,7.3640714483051655
524,0.08178669953498263,7.081697488244602,7.267214463035114
525,0.09858272707674465,7.153015465487805,7.16788121186211
526,0.09212746380271675,7.038063247912668,7.118706777366871
527,0.11110007394084909,7.041934051255149,6.925623538508979
528,0.12056573187561548,8.547529478718937,8.283011178640942
529,0.12655229572538484,8.665744864018462,8.317016509237613
530,0.12566876174204933,8.50880903168228,8.17814052665283
531,0.12520080720345717,8.38145148963129,8.061849622464951
532,0.1252547638152306,8.341477543163831,8.022698334838406
533,0.11642850296505225,8.148878431234422,7.948416655598055
534,0.11713799649170697,8.111666661690037,7.9033273093236085
535,0.11735883636600475,8.021835435630951,7.813093682063828
536,0.11270494970820288,7.8585453964860275,7.709699081244526
537,0.11245497406685068,7.814661234726124,7.669601177303413
538,0.08768660189290234,7.470026932705132,7.603221093658469
539,0.09111552859506755,7.4444907458247185,7.540643602915076
540,0.09955708880208247,7.494311561620343,7.499184422184975
541,0.10068067963884841,7.4274614545639706,7.420029787744367
542,0.09605442785540863,7.305757033956336,7.347902074050072
543,0.09506653746211935,7.251977589786948,7.304227220998
544,0.10500241934643373,7.25511121172587,7.201492432212713
545,0.10414209449937839,7.196202272577886,7.152209702033415
546,0.10775370140189489,7.16218199159233,7.079873064345136
547,0.11884862268419771,7.100133032097517,6.899163793520838
548,0.11467403417133448,8.79988144335677,8.606924780896783
549,0.11058118837894937,8.664987731597602,8.528643061841693
550,0.13240671166747875,8.908108422324224,8.467491532924024
551,0.13065031531885551,8.77952972481071,8.369678575594728
552,0.12891602942226243,8.679705305522912,8.298238833387588
553,0.11799143369946374,8.353901093915287,8.128427216815
554,0.12309683940768124,8.316529235557363,8.026609949824037
555,0.11053615342345535,8.067405156631326,7.941010505572553
556,0.09854137268100771,7.864218758555747,7.881038648317486
557,0.10855366669744382,7.865165114584901,7.765358223237057
558,0.1147371350111579,7.853593151104774,7.68063249950231
559,0.11790900036232621,7.8415892016850215,7.63093309782534
560,0.10558768557894904,7.644623508109202,7.5814728030799365
561,0.1032523670509965,7.585977659631808,7.549601584382241
562,0.1003758545615302,7.536039421783161,7.531877326463155
563,0.10463298705273893,7.540447652766293,7.488857910423011
564,0.10879871890592951,7.528213316763936,7.42991711601286
565,0.09152820308062626,7.302714282129523,7.392697551220474
566,0.0964203267867082,7.268096200033153,7.306151861775328
567,0.08714891175268624,7.063422768618162,7.194785626992696
568,0.09740073951943196,7.008424469134521,7.035100349453954
569,0.13441525057017367,8.937510378629241,8.466897861750141
570,0.11009828791628484,8.419977929972546,8.293606866970949
571,0.09461347913379237,8.118486015763256,8.182316906932506
572,0.1181725052514897,8.310762386037055,8.084146577159425
573,0.10918375677635417,8.100229204855221,7.989785860433886
574,0.11470317402052377,8.095996212497464,7.918115116671557
575,0.11348468918570809,8.016354039604828,7.8550517049570034
576,0.11350947825759272,7.95568805325737,7.795307442248683
577,0.11848640616257589,7.966616282025964,7.74554980260336
578,0.11290444628735397,7.857330739761467,7.706134967636472
579,0.1021072147927864,7.721420928222498,7.6974640260152505
580,0.09184533191253563,7.540516701720276,7.629984743357759
581,0.09807467612182885,7.512970139659516,7.534168558064619
582,0.10568240985053745,7.547915935755975,7.484500073563507
583,0.10008034437120727,7.435050546103374,7.434173062224461
584,0.09088774109838726,7.266528573393298,7.362763961312957
585,0.08729290142441104,7.112421864948746,7.2432355077124475
586,0.09012969510106983,7.020522499750543,7.121146861649215
587,0.10880805433638518,7.032585431772534,6.940662231224271
588,0.11699940129725406,7.050019897532492,6.870441651004619
589,0.12590964057408116,7.054497586763307,6.777693806572249
590,0.12188011610416327,8.759703401956026,8.470841331170302
591,0.12436728559011834,8.679600328725671,8.359895579516563
592,0.12708885279221882,8.454462913251469,8.107138266407903
593,0.1276378609946356,8.393419538894374,8.041382237696823
594,0.13094415692128358,8.37996768552041,7.984878761344882
595,0.124094478693623,8.245059577398019,7.944858822897041
596,0.12704348128519205,8.225938078644331,7.888586037126837
597,0.11865495881891308,8.035360060436409,7.81030792502716
598,0.1045516148497998,7.788739406204458,7.736391838272791
599,0.09860074524583684,7.677388288813384,7.693141295092127
600,0.0864981396320823,7.464923570744357,7.610674987317183
601,0.09342024129638393,7.504961472284487,7.576940758287181
602,0.10855662518714004,7.5371485854388025,7.441470724823313
603,0.10455239700179009,7.414956804915295,7.365112794154702
604,0.09586097212642564,7.284116420372394,7.32818704949566
605,0.09932455164162912,7.194265654489645,7.201397416583968
606,0.09606683638713598,7.10022609974111,7.141057256762306
607,0.10745080783323213,7.141190696062678,7.062356945929189
608,0.11121306560472521,7.152950838051626,7.033588158869074
609,0.12157096012327451,7.194210337843199,6.960410645269954
610,0.1284243987947351,8.688118424018807,8.312996089978627
611,0.12929947083579918,8.365794011600817,7.9930762430403925
612,0.10792492767554496,8.02931218306062,7.934981401676041
613,0.11765383486154268,8.07971389774605,7.865818184809364
614,0.11027451602588345,7.894766790542851,7.774185569619334
615,0.10008005558166333,7.68732732857457,7.686423332363657
616,0.09922555402481825,7.631715072525294,7.640388316240384
617,0.08113680427322079,7.381704601987188,7.581832804991985
618,0.09150286973598809,7.432838480497349,7.524696319587777
619,0.1032525008585502,7.4994906712414515,7.4635278309393795
620,0.08355849205371668,7.237354924720443,7.408851803875301
621,0.09477919968294402,7.296253600564347,7.351865495380982
622,0.11614380982600836,7.479681129142964,7.298931124659249
623,0.11425472810651494,7.350640965024953,7.194145336455293
624,0.11648299860542821,7.236606893034592,7.057984869999261
625,0.10282373914957166,7.0789599993715955,7.04950347249655
626,0.12447911824970337,7.227208612720258,6.959743776387731
627,0.1297239665682769,8.92118684507496,8.517760237377548
628,0.10489242272264099,8.257206118657912,8.197530904504225
629,0.13485991120703544,8.424676873000868,7.975094285592864
630,0.11594121261543322,8.181078813102777,7.98590709922516
631,0.11649363787487499,8.12030117995333,7.919734922454512
632,0.11397956951930088,8.020288642789762,7.852886664342154
633,0.11749244191251751,7.9970027440904605,7.787272278662192
634,0.11510514128345939,7.929249229216328,7.750183764664453
635,0.09844131196240902,7.679040625259955,7.6965890825101955
636,0.09037825813684741,7.516936963173576,7.621993205076667
637,0.09985320578842594,7.553894558308305,7.555522972635713
638,0.1074423196253198,7.587215503195462,7.503554203519833
639,0.10746299944998372,7.551891090967159,7.4683858887836365
640,0.09094550933944379,7.289703648247819,7.385640294184334
641,0.11115283256944652,7.391431839407085,7.268760842169988
642,0.10652866603931677,7.270791736184246,7.200537120786528
643,0.10756106223955286,7.139555926020996,7.0595635909706935
644,0.10117024930723628,7.047574648366216,7.035444429478612
645,0.10953279141709793,7.024708295051563,6.925248295554261
646,0.13514156188771453,7.2651276121961255,6.874158429489745
647,0.1357726308738868,8.977825954113937,8.485636082696049
648,0.13277304650168686,8.729092953895242,8.292256476244617
649,0.1288955391917459,8.420373899701053,8.050576198852141
650,0.10569246918781094,8.05365608290655,7.985870525059724
651,0.12365093577176511,8.23547291681058,7.941297120698963
652,0.12391758029968336,8.151523883124685,7.856970106664068
653,0.127612736258377,8.126098736954978,7.785593532721398
654,0.11760249676636103,7.942883296878428,7.733234186153099
655,0.10934767270157875,7.815477036350333,7.706993324809947
656,0.09463564092793197,7.568766641580753,7.628032092372759
657,0.09174265426959471,7.4778009916561246,7.567631435631834
658,0.1094879992944865,7.576382176659421,7.469620911340193
659,0.11369439123875791,7.5705862653749225,7.415846239423063
660,0.0939883833877766,7.294779805797177,7.358744066718575
661,0.1107051371117942,7.3693638060276925,7.252030481889613
662,0.11382583681997749,7.275988198825314,7.125818851585367
663,0.10824170841833902,7.182685319917173,7.0948952577746685
664,0.10154305742951464,7.041265388943325,7.025278206655322
665,0.11736957365505218,7.142677499692247,6.956695589442071
666,0.12852491127978716,7.131331510242523,6.822299599839552
667,0.0971133919015379,8.43391086054883,8.469549469493487
668,0.1344088916856222,8.877157875336565,8.409813240139396
669,0.09767687128581892,8.2984989246614,8.326738646913075
670,0.12375953855846433,8.433157858377907,8.130498089978383
671,0.12682578693654634,8.432684710149267,8.089727328798656
672,0.12345414725033932,8.29854686298081,8.004653628534564
673,0.11810971516466418,8.1665904372853,7.944691849485647
674,0.11433792521489128,8.038563164091297,7.866405831172496
675,0.12117456677431082,8.030611865696056,7.7745474557498015
676,0.1099183657967221,7.834308417023403,7.718846758034252
677,0.0819766237943641,7.469728774116092,7.663412237747189
678,0.0898440354632144,7.456441531146224,7.5663707980540185
679,0.10989700334373143,7.614378022807181,7.502402204572542
680,0.11686895608925307,7.66281726223108,7.469157570063243
681,0.10814716170381944,7.516245348483794,7.425442316479753
682,0.10368410267952621,7.406369238821368,7.366119717510709
683,0.10574895847122268,7.332300192413986,7.269969560135771
684,0.11416401002649412,7.304906674594473,7.1503910584906425
685,0.11198270852571646,7.185164938212025,7.056918689567318
686,0.10264488150664697,7.065934805408967,7.038400587711501
687,0.13644320693162448,7.346011139225865,6.93539855375131
688,0.12797461218445005,8.772859292798074,8.40027349121014
689,0.12715906143377442,8.370374867869621,8.02558440722136
690,0.1046623271266538,8.024211469901873,7.9689623775613585
691,0.11394275506461948,8.078838891953621,7.910666214872489
692,0.10867615937603192,7.935804993145682,7.833644882733209
693,0.10952790210741903,7.842685473075578,7.731701656516474
694,0.10005538070057596,7.7077761582799855,7.707149147949151
695,0.11183662145351325,7.747426914150456,7.61085437917686
696,0.09592139672060296,7.525266977947691,7.570135086924341
697,0.11160130209554608,7.625157137925232,7.4934488266747525
698,0.11563574823702616,7.633120462817395,7.454575094780999
699,0.10173735877845025,7.45238713163924,7.433331543735257
700,0.09350670999288735,7.314011636214191,7.383244593639067
701,0.0943624500029665,7.159571262869224,7.218469049753846
702,0.11174801887594898,7.2434288550915875,7.116709897230015
703,0.10160895246551482,7.0301786583464185,7.013533725907913
704,0.12233737113670384,7.11354270328144,6.873931840259521
705,0.1263105397158072,8.678609203026292,8.332643363238434
706,0.11657360210082757,8.229758576148175,8.025483935867538
707,0.12574067096396624,8.336263295791566,8.011364684384736
708,0.10666446494398452,8.028529444534986,7.949326905909703
709,0.10825665660276973,7.9940219648467234,7.896136444827869
710,0.11147185725882525,7.965592990618943,7.829560316229331
711,0.11680611980488675,7.929572942881618,7.729932994657757
712,0.1109839518389264,7.819326948299791,7.691544932798601
713,0.09219177227448394,7.484325744464978,7.5693884182109965
714,0.09448833194883544,7.506258572419626,7.566638319302274
715,0.09807093771503561,7.49386687922937,7.515052360808918
716,0.11549100139043744,7.584633333634993,7.408894620242584
717,0.1025743612735105,7.417198336790447,7.389068283103536
718,0.09040474045944236,7.219409245091948,7.320032616604987
719,0.10092017308594958,7.186755401123744,7.177031813989689
720,0.10035510517623725,7.0908947415846715,7.087194785290646
721,0.1032556231633972,7.027149713148621,6.993419451183385
722,0.10556116398734317,7.006124802762538,6.948525101356628
723,0.11190367015998359,7.00891131385507,6.884647721035515
724,0.12807235428890174,7.1310103385841055,6.827060451350908
725,0.1353463284314993,8.832563983310504,8.354355644909012
726,0.12029567078889436,8.521296631061007,8.261136740160747
727,0.12044493754524854,8.18250933930027,7.930810765961192
728,0.10034042039362612,7.891190138694464,7.887242937977116
729,0.10902059130568731,7.932453935677438,7.826240084810096
730,0.11359610056994374,7.917262956098195,7.756617138565128
731,0.09559789357956716,7.611118143664543,7.660079205161811
732,0.09703860580670576,7.601950278039174,7.634902713534573
733,0.08139188106340756,7.361235029578696,7.558166709654296
734,0.10076424600992895,7.492135030159464,7.483717511719665
735,0.10791893369166139,7.509571767072343,7.421414401383089
736,0.09277801819293585,7.303641871675075,7.3804705253894465
737,0.09663821698190778,7.2984265932165915,7.334324055140519
738,0.0879011547512063,7.121021522376741,7.245811052537932
739,0.09541776765700738,7.075903525920767,7.1232742849877795
740,0.10215027243643893,7.067354070364775,7.044977333199097
741,0.10834984883732635,7.077728332207392,6.990074902258368
742,0.11144549683607985,7.015533376958988,6.896004388824331
743,0.12509764680371815,7.089799980895018,6.820591373283954
744,0.12877116518175813,8.623076906353674,8.24606353760224
745,0.13646299955197128,8.46666469762447,7.993143661194044
746,0.11937183991166833,8.246165768327641,8.006129625833031
747,0.09217811899673367,7.848596272051886,7.937953613462517
748,0.10515270527837173,7.976823483550045,7.916089134156462
749,0.1217275924130028,8.03553254265923,7.772445935899211
750,0.11280547464819779,7.857996505138839,7.707965156872069
751,0.09177689908109876,7.608651160881444,7.6996780282769075
752,0.09391354522924988,7.531099054479576,7.597951785453565
753,0.09405055460086964,7.510651239628245,7.575831963805605
754,0.11912878840144359,7.693891930386403,7.472805696530179
755,0.11399319166269617,7.619625581087337,7.46042883141326
756,0.0988232237783907,7.381561667337694,7.394302783283827
757,0.09364563033703299,7.194072049944417,7.26072345817296
758,0.11422653566812824,7.273990461024313,7.119438162007308
759,0.09431599622082665,7.0079543939838045,7.066076838691284
760,0.1025421111177387,7.056630302221964,7.030203979418279
761,0.11575852732239378,7.132094202827293,6.963933831406774
762,0.1362889022467022,7.2039869039322655,6.803092984606423
763,0.09171927259494894,8.294150700027288,8.394067355772734
764,0.10314273242165428,8.54887267459982,8.509266270804819
765,0.08995299493508357,8.149665104344297,8.268540317346856
766,0.1270167617545811,8.55605772769453,8.205525157290852
767,0.13473188401815017,8.476740117526605,8.026110445347257
768,0.12962396371008245,8.41139625906759,8.032348360451905
769,0.13326231608720107,8.397366252437017,7.97060450120507
770,0.10770486800517287,8.017281134354539,7.925730797044577
771,0.11436008196206515,8.057088172088587,7.884262919475191
772,0.11685179008904012,7.99358745333311,7.791778007451434
773,0.1065810000835381,7.786456447159136,7.710611423984447
774,0.08557010160567102,7.466821619226688,7.622465371248483
775,0.08933848329260563,7.441594434946788,7.5566991942233885
776,0.10670874875623648,7.5711772222011104,7.495986321410069
777,0.11265193104485971,7.613426232710905,7.469833401967815
778,0.10827951726302665,7.469967299085231,7.37824302871263
779,0.10615928439282896,7.402794951156937,7.335341098801717
780,0.10525097153309537,7.35090870254807,7.293866049318914
781,0.09481867506037578,7.145662885302695,7.199717634534075
782,0.11710602773503953,7.314762742339838,7.127248565111688
783,0.10402335017656728,7.098854823202135,7.0567073201134916
784,0.11485626939904925,7.106057480269336,6.948272540309968
785,0.11055074929834274,8.656670541069138,8.520853458878195
786,0.13038901395260827,8.84484388451062,8.435592717419365
787,0.12429434073159862,8.519564021236967,8.206720772880146
788,0.12849200367139924,8.428352863303452,8.063551114214386
789,0.09774406327966412,7.991474538034936,8.017884956408253
790,0.11891910972871289,8.154397108873052,7.922704367393806
791,0.10866341997949025,7.959452598660283,7.857140047160253
792,0.11857749462261302,8.013418092710923,7.789933049366091
793,0.12101627273978144,7.947902686704637,7.696417539697084
794,0.1013074392428488,7.707121151379537,7.692298235553348
795,0.09789089910862492,7.625707910222262,7.649273208031191
796,0.11290797824770493,7.757325901917035,7.6080130083976565
797,0.09485826785962714,7.487638685915789,7.543850125362095
798,0.11376980320375851,7.630071704796677,7.4732430291950935
799,0.09496689509202161,7.3517907992582625,7.405823171543186
800,0.08971835398417372,7.226594597961936,7.334438143089312
801,0.09815926663609897,7.009672740792228,7.028583947910228
802,0.10805387524728216,7.009250235847327,6.925550907668798
803,0.07493576489959664,7.699272613392293,7.974687240735815
804,0.11577546928567428,8.089802147588955,7.898852060389828
805,0.10569944911156148,7.948939855973949,7.8819530846772174
806,0.11838603451419116,8.00126041234433,7.780464421285997
807,0.09836136359486125,7.695240711243956,7.713726470148799
808,0.11847319956610114,7.85147865688172,7.63376620669271
809,0.11450694921390747,7.759983745833574,7.591799814269346
810,0.09681902281277166,7.529030545071626,7.564077911848251
811,0.09913397221874298,7.4981604022233865,7.507688553017569
812,0.1065201101188844,7.4890823783529745,7.416814070378306
813,0.09898428073900933,7.3619027405654185,7.372872833937491
814,0.08675540166508144,7.159098147299723,7.296255420179634
815,0.09871825444695737,7.143185632682647,7.156613472563612
816,0.10919502870868181,7.146369923710995,7.048811178764612
817,0.10286447166390622,7.020357278691783,6.9907218039388255
818,0.13421700000026537,7.289368069893561,6.907842620459539
